<?xml version="1.0" encoding="UTF-8"?>
<!DOCTYPE fontscolors PUBLIC "-//NetBeans//DTD Editor Fonts and Colors settings 1.1//EN" "http://www.netbeans.org/dtds/EditorFontsColors-1_1.dtd">
<fontscolors>
    <fontcolor name="error" waveUnderlined="magenta"/>
    <fontcolor foreColor="fff0da5e" name="char"/>
    <fontcolor foreColor="fff35656" name="keyword"/>
    <fontcolor name="whitespace"/>
    <fontcolor default="keyword" name="markup-element"/>
    <fontcolor foreColor="ff74f1c6" name="number"/>
    <fontcolor foreColor="fff35656" name="operator"/>
    <fontcolor foreColor="green" name="url"/>
    <fontcolor default="identifier" name="field"/>
    <fontcolor bgColor="ff272a32" foreColor="ffd6d7d9" name="default">
        <font name="Inconsolata-dz" size="14" style="plain"/>
    </fontcolor>
    <fontcolor foreColor="ff66ff99" name="string"/>
    <fontcolor default="default" name="entity-reference">
        <font style="bold"/>
    </fontcolor>
    <fontcolor default="string" name="markup-attribute-value"/>
    <fontcolor default="identifier" name="method">
        <font style="bold"/>
    </fontcolor>
    <fontcolor foreColor="ff5e6a75" name="comment"/>
    <fontcolor foreColor="ffccff00" name="identifier"/>
    <fontcolor name="warning" waveUnderlined="yellow"/>
    <fontcolor foreColor="white" name="separator"/>
    <fontcolor default="field" name="markup-attribute"/>
</fontscolors>
