<?xml version="1.0" encoding="UTF-8"?>
<!DOCTYPE fontscolors PUBLIC "-//NetBeans//DTD Editor Fonts and Colors settings 1.1//EN" "http://www.netbeans.org/dtds/EditorFontsColors-1_1.dtd">
<fontscolors>
    <fontcolor default="string" name="preprocessor-user-include-literal"/>
    <fontcolor default="preprocessor" name="keyword-directive"/>
    <fontcolor default="preprocessor-keyword-directive" name="keyword"/>
    <fontcolor default="whitespace" name="whitespace"/>
    <fontcolor default="string" name="string-escape">
        <font style="bold"/>
    </fontcolor>
    <fontcolor default="number" name="number"/>
    <fontcolor default="string" name="preprocessor-system-include-literal"/>
    <fontcolor default="preprocessor" name="preprocessor-keyword-directive"/>
    <fontcolor default="keyword" name="operator"/>
    <fontcolor default="char" name="character"/>
    <fontcolor name="preprocessor"/>
    <fontcolor default="string" name="string-escape-invalid" waveUnderlined="ffce7b00">
        <font style="bold"/>
    </fontcolor>
    <fontcolor default="error" name="errors"/>
    <fontcolor default="keyword" name="keyword-operator"/>
    <fontcolor default="string" name="string"/>
    <fontcolor default="identifier" name="preprocessor-identifier"/>
    <fontcolor default="preprocessor-keyword-directive" name="preprocessor-keyword"/>
    <fontcolor default="comment" name="comment"/>
    <fontcolor default="identifier" name="identifier"/>
    <fontcolor default="separator" name="separator"/>
    <fontcolor default="keyword" name="literal"/>
</fontscolors>
