<?xml version="1.0" encoding="UTF-8"?>
<!DOCTYPE fontscolors PUBLIC "-//NetBeans//DTD Editor Fonts and Colors settings 1.1//EN" "http://www.netbeans.org/dtds/EditorFontsColors-1_1.dtd">
<fontscolors>
    <fontcolor default="smarty" name="argument"/>
    <fontcolor default="smarty" name="other"/>
    <fontcolor name="error" waveUnderlined="red"/>
    <fontcolor default="smarty" name="whitespace"/>
    <fontcolor default="smarty" name="smarty_function">
        <font style="bold"/>
    </fontcolor>
    <fontcolor default="smarty" name="smarty_delimiter">
        <font style="bold"/>
    </fontcolor>
    <fontcolor default="default" name="smarty"/>
    <fontcolor default="smarty" name="pipe">
        <font style="bold"/>
    </fontcolor>
    <fontcolor default="smarty" name="smarty_operator"/>
    <fontcolor default="smarty" name="variable_modifier"/>
    <fontcolor default="smarty" name="string"/>
    <fontcolor default="smarty" name="php_variable"/>
    <fontcolor default="smarty" name="argument_value"/>
    <fontcolor default="smarty" name="config_variable"/>
    <fontcolor default="smarty" name="comment"/>
</fontscolors>
