<?xml version="1.0" encoding="UTF-8"?>
<!DOCTYPE fontscolors PUBLIC "-//NetBeans//DTD Editor Fonts and Colors settings 1.1//EN" "http://www.netbeans.org/dtds/EditorFontsColors-1_1.dtd">
<fontscolors>
    <fontcolor default="Register" name="ASM_REGISTER"/>
    <fontcolor default="Imm operand" name="ASM_IMM_OP"/>
    <fontcolor default="Directive" name="ASM_DIRECTIVE"/>
    <fontcolor default="Label" name="ASM_LABEL">
        <font style="bold"/>
    </fontcolor>
    <fontcolor default="Instruction" name="ASM_INSTRUCTION"/>
    <fontcolor default="number" name="ASM_NUMBER"/>
    <fontcolor default="Character" name="ASM_CHARACTER"/>
    <fontcolor default="Id" name="ASM_UNKWN_ID"/>
    <fontcolor default="Comment" name="ASM_COMMENT"/>
    <fontcolor default="Label" name="ASM_LABEL_INST">
        <font style="bold"/>
    </fontcolor>
    <fontcolor default="String" name="ASM_STRING"/>
</fontscolors>
